Defects,Formation_Energies
AlAs_III_V_M_A_Cd.cif,0.00
AlAs_III_V_M_A_Cr.cif,-1.31
AlAs_III_V_M_A_Cu.cif,0.00
AlAs_III_V_M_A_Fe.cif,0.00
AlAs_III_V_M_A_Mn.cif,-0.24
AlAs_III_V_M_A_N.cif,0.00
AlAs_III_V_M_A_Ni.cif,0.00
AlAs_III_V_M_A_Ti.cif,-0.80
AlAs_III_V_M_A_V.cif,-0.68
AlAs_III_V_M_B_Cr.cif,-0.76
AlAs_III_V_M_B_Ga.cif,0.00
AlAs_III_V_M_B_N.cif,-2.13
AlAs_III_V_M_B_Ni.cif,-0.01
AlAs_III_V_M_i_A_Cr.cif,-2.04
AlAs_III_V_M_i_A_Cu.cif,-0.11
AlAs_III_V_M_i_A_Fe.cif,-0.07
AlAs_III_V_M_i_A_Mn.cif,-0.48
AlAs_III_V_M_i_A_Ni.cif,-0.45
AlAs_III_V_M_i_A_Ti.cif,-0.51
AlAs_III_V_M_i_A_V.cif,-1.35
AlAs_III_V_M_i_B_Cr.cif,-1.95
AlAs_III_V_M_i_B_Fe.cif,-0.19
AlAs_III_V_M_i_B_Mn.cif,-1.02
AlAs_III_V_M_i_B_Ni.cif,-0.63
AlAs_III_V_M_i_B_Ti.cif,-0.58
AlAs_III_V_M_i_B_V.cif,-1.60
AlAs_III_V_M_i_neut_Cr.cif,-0.78
AlAs_III_V_M_i_neut_Ni.cif,0.00
AlAs_III_V_M_i_neut_V.cif,-0.41
AlN_III_V_M_A_Be.cif,0.00
AlN_III_V_M_A_Cd.cif,0.00
AlN_III_V_M_A_Cr.cif,-2.58
AlN_III_V_M_A_Cu.cif,-0.01
AlN_III_V_M_A_Fe.cif,0.00
AlN_III_V_M_A_Ga.cif,-0.31
AlN_III_V_M_A_Ge.cif,0.00
AlN_III_V_M_A_Mn.cif,-0.55
AlN_III_V_M_A_Sn.cif,0.00
AlN_III_V_M_A_Ti.cif,-0.01
AlN_III_V_M_A_V.cif,-2.28
AlN_III_V_M_B_As.cif,-0.29
AlN_III_V_M_B_Au.cif,-0.36
AlN_III_V_M_B_Br.cif,-0.20
AlN_III_V_M_B_C.cif,-0.45
AlN_III_V_M_B_Cd.cif,-0.32
AlN_III_V_M_B_Cl.cif,-0.49
AlN_III_V_M_B_Cr.cif,-2.22
AlN_III_V_M_B_F.cif,-0.17
AlN_III_V_M_B_Fe.cif,-0.22
AlN_III_V_M_B_Ge.cif,-0.34
AlN_III_V_M_B_Hg.cif,-0.28
AlN_III_V_M_B_Mn.cif,-0.83
AlN_III_V_M_B_O.cif,-0.11
AlN_III_V_M_B_P.cif,-0.12
AlN_III_V_M_B_Pd.cif,-0.22
AlN_III_V_M_B_Rh.cif,-0.10
AlN_III_V_M_B_S.cif,-0.23
AlN_III_V_M_B_Se.cif,-0.76
AlN_III_V_M_B_Si.cif,-0.41
AlN_III_V_M_B_Te.cif,-0.23
AlN_III_V_M_B_Ti.cif,-0.49
AlN_III_V_M_B_V.cif,-1.71
AlN_III_V_M_B_Zn.cif,-0.22
AlN_V_Al.cif,-0.57
AlN_V_N.cif,-0.66
AlP_III_V_M_A_Be.cif,-0.01
AlP_III_V_M_A_Cr.cif,-0.94
AlP_III_V_M_A_Cu.cif,-0.01
AlP_III_V_M_A_Fe.cif,-0.01
AlP_III_V_M_A_Mn.cif,-0.01
AlP_III_V_M_A_N.cif,-0.01
AlP_III_V_M_A_Ni.cif,0.00
AlP_III_V_M_A_Ti.cif,-0.20
AlP_III_V_M_A_V.cif,-0.33
AlP_III_V_M_B_Cr.cif,-0.01
AlP_III_V_M_B_N.cif,-2.02
AlP_III_V_M_i_A_Cr.cif,-1.73
AlP_III_V_M_i_A_Li.cif,-0.13
AlP_III_V_M_i_A_Mn.cif,-0.31
AlP_III_V_M_i_A_Ti.cif,-0.07
AlP_III_V_M_i_A_V.cif,-1.14
AlP_III_V_M_i_B_Cr.cif,-2.01
AlP_III_V_M_i_B_Cu.cif,-0.04
AlP_III_V_M_i_B_Fe.cif,-0.29
AlP_III_V_M_i_B_Mn.cif,-1.11
AlP_III_V_M_i_B_Ni.cif,-0.11
AlP_III_V_M_i_B_Ti.cif,-0.48
AlP_III_V_M_i_B_V.cif,-1.60
AlP_III_V_M_i_neut_Cr.cif,-1.21
AlP_III_V_M_i_neut_Mn.cif,-0.08
AlP_III_V_M_i_neut_V.cif,-0.72
AlSb_III_V_M_A_B.cif,-0.01
AlSb_III_V_M_A_Cd.cif,0.00
AlSb_III_V_M_A_Cr.cif,-1.23
AlSb_III_V_M_A_Cu.cif,0.00
AlSb_III_V_M_A_Fe.cif,-0.05
AlSb_III_V_M_A_Ga.cif,-0.01
AlSb_III_V_M_A_In.cif,0.00
AlSb_III_V_M_A_Mn.cif,-0.28
AlSb_III_V_M_A_N.cif,-0.01
AlSb_III_V_M_A_Ni.cif,-0.01
AlSb_III_V_M_A_Sn.cif,0.00
AlSb_III_V_M_A_Ti.cif,-0.48
AlSb_III_V_M_A_V.cif,-0.44
AlSb_III_V_M_A_Zn.cif,0.00
AlSb_III_V_M_B_Al.cif,0.00
AlSb_III_V_M_B_As.cif,-0.01
AlSb_III_V_M_B_B.cif,0.00
AlSb_III_V_M_B_Bi.cif,-0.01
AlSb_III_V_M_B_Br.cif,-0.10
AlSb_III_V_M_B_Cd.cif,0.00
AlSb_III_V_M_B_Cr.cif,-0.06
AlSb_III_V_M_B_Cu.cif,0.00
AlSb_III_V_M_B_Fe.cif,0.00
AlSb_III_V_M_B_Ga.cif,-0.02
AlSb_III_V_M_B_Ge.cif,-0.01
AlSb_III_V_M_B_In.cif,-0.01
AlSb_III_V_M_B_Mn.cif,-0.01
AlSb_III_V_M_B_N.cif,-0.76
AlSb_III_V_M_B_Ni.cif,-0.01
AlSb_III_V_M_B_Si.cif,-0.01
AlSb_III_V_M_B_Sn.cif,-0.01
AlSb_III_V_M_B_Te.cif,0.00
AlSb_III_V_M_B_Ti.cif,0.00
AlSb_III_V_M_B_V.cif,0.00
AlSb_III_V_M_B_Zn.cif,0.00
AlSb_III_V_M_i_A_Cr.cif,-1.28
AlSb_III_V_M_i_A_Mn.cif,-0.26
AlSb_III_V_M_i_A_N.cif,-0.01
AlSb_III_V_M_i_A_Ni.cif,-0.16
AlSb_III_V_M_i_A_Ti.cif,-0.17
AlSb_III_V_M_i_A_V.cif,-1.04
AlSb_III_V_M_i_B_Cr.cif,-1.12
AlSb_III_V_M_i_B_Mn.cif,-0.20
AlSb_III_V_M_i_B_Ti.cif,-0.07
AlSb_III_V_M_i_B_V.cif,-0.91
AlSb_III_V_M_i_neut_Cr.cif,-0.97
AlSb_III_V_M_i_neut_Cu.cif,0.00
AlSb_III_V_M_i_neut_Ni.cif,-0.01
AlSb_III_V_M_i_neut_V.cif,-0.41
AlSb_V_Al.cif,0.00
AlSb_V_Sb.cif,0.00
BAs_III_V_M_A_Be.cif,0.00
BAs_III_V_M_A_Cd.cif,-0.01
BAs_III_V_M_A_Cr.cif,-0.69
BAs_III_V_M_A_Fe.cif,0.00
BAs_III_V_M_A_V.cif,-0.19
BAs_III_V_M_A_Zn.cif,-0.01
BAs_III_V_M_B_Al.cif,-0.01
BAs_III_V_M_B_B.cif,-0.01
BAs_III_V_M_B_Cr.cif,-2.58
BAs_III_V_M_B_Cu.cif,-0.01
BAs_III_V_M_B_Fe.cif,0.00
BAs_III_V_M_B_Ga.cif,-0.02
BAs_III_V_M_B_Ge.cif,-0.01
BAs_III_V_M_B_In.cif,-0.01
BAs_III_V_M_B_Mn.cif,-0.01
BAs_III_V_M_B_N.cif,-0.39
BAs_III_V_M_B_Ni.cif,-0.01
BAs_III_V_M_B_Sb.cif,0.00
BAs_III_V_M_B_Si.cif,-0.01
BAs_III_V_M_B_Sn.cif,-0.01
BAs_III_V_M_B_Te.cif,-0.01
BAs_III_V_M_B_V.cif,-0.60
BAs_III_V_M_B_Zn.cif,-0.01
BAs_V_As.cif,0.00
BAs_V_B.cif,-0.01
BN_III_V_M_A_Al.cif,0.00
BN_III_V_M_A_As.cif,-0.01
BN_III_V_M_A_C.cif,0.00
BN_III_V_M_A_Cd.cif,-0.01
BN_III_V_M_A_Ge.cif,0.00
BN_III_V_M_A_In.cif,0.00
BN_III_V_M_A_N.cif,0.00
BN_III_V_M_A_O.cif,-0.01
BN_III_V_M_A_P.cif,-0.01
BN_III_V_M_A_S.cif,-0.01
BN_III_V_M_A_Sb.cif,-0.01
BN_III_V_M_A_Se.cif,0.00
BN_III_V_M_A_Si.cif,0.00
BN_III_V_M_A_Sn.cif,-0.01
BN_III_V_M_A_Zn.cif,-0.01
BN_III_V_M_B_Al.cif,-0.01
BN_III_V_M_B_As.cif,-0.01
BN_III_V_M_B_B.cif,0.00
BN_III_V_M_B_C.cif,0.00
BN_III_V_M_B_Cd.cif,0.00
BN_III_V_M_B_Ga.cif,0.00
BN_III_V_M_B_Ge.cif,0.00
BN_III_V_M_B_In.cif,0.00
BN_III_V_M_B_O.cif,0.00
BN_III_V_M_B_P.cif,-0.01
BN_III_V_M_B_S.cif,-0.01
BN_III_V_M_B_Sb.cif,-0.01
BN_III_V_M_B_Se.cif,0.00
BN_III_V_M_B_Si.cif,0.00
BN_III_V_M_B_Sn.cif,0.00
BN_III_V_M_B_Te.cif,-0.01
BN_III_V_M_B_Zn.cif,-0.01
BN_V_B.cif,0.00
BN_V_N.cif,0.00
BP_III_V_M_A_Be.cif,0.00
BP_III_V_M_A_Cr.cif,-0.43
BP_III_V_M_A_Fe.cif,0.00
BP_III_V_M_B_Cr.cif,-1.16
BP_III_V_M_B_Ga.cif,0.00
BP_III_V_M_B_In.cif,0.00
BP_III_V_M_B_N.cif,-0.13
BP_III_V_M_B_V.cif,-0.68
BSb_III_V_M_A_Cr.cif,-0.42
BSb_III_V_M_B_As.cif,-0.40
BSb_III_V_M_B_Cr.cif,-0.46
BSb_III_V_M_B_Ga.cif,0.00
BSb_III_V_M_B_N.cif,-0.12
BSb_III_V_M_B_P.cif,-0.69
BSb_III_V_M_B_S.cif,-0.35
BSb_III_V_M_B_Se.cif,-1.04
BSb_III_V_M_B_Sn.cif,-1.10
BSb_III_V_M_B_V.cif,-0.28
BSb_III_V_M_i_A_Cr.cif,-0.51
BSb_V_B.cif,-1.16
BSb_V_Sb.cif,-1.15
C_IV_IV_M_A_Cr.cif,0.00
CdO_II_VI_M_A_Al.cif,0.00
CdO_II_VI_M_A_B.cif,-0.01
CdO_II_VI_M_A_Be.cif,-0.01
CdO_II_VI_M_A_Ca.cif,0.00
CdO_II_VI_M_A_Co.cif,0.00
CdO_II_VI_M_A_Cr.cif,-2.55
CdO_II_VI_M_A_Cu.cif,0.00
CdO_II_VI_M_A_Fe.cif,-0.55
CdO_II_VI_M_A_Ga.cif,0.00
CdO_II_VI_M_A_In.cif,-0.01
CdO_II_VI_M_A_K.cif,0.00
CdO_II_VI_M_A_Li.cif,-0.01
CdO_II_VI_M_A_Mg.cif,-0.47
CdO_II_VI_M_A_Mn.cif,-1.08
CdO_II_VI_M_A_Na.cif,0.00
CdO_II_VI_M_A_Ni.cif,-0.01
CdO_II_VI_M_A_Pb.cif,-0.01
CdO_II_VI_M_A_Rb.cif,-0.01
CdO_II_VI_M_A_Sc.cif,-0.75
CdO_II_VI_M_A_Ti.cif,-1.57
CdO_II_VI_M_A_Tl.cif,0.00
CdO_II_VI_M_A_V.cif,-2.26
CdO_II_VI_M_A_Zn.cif,-0.19
CdO_II_VI_M_B_As.cif,0.00
CdO_II_VI_M_B_B.cif,-0.01
CdO_II_VI_M_B_Br.cif,-0.77
CdO_II_VI_M_B_C.cif,0.00
CdO_II_VI_M_B_F.cif,-0.01
CdO_II_VI_M_B_Ge.cif,0.00
CdO_II_VI_M_B_I.cif,-0.35
CdO_II_VI_M_B_N.cif,-1.00
CdO_II_VI_M_B_P.cif,0.00
CdO_II_VI_M_B_S.cif,0.00
CdO_II_VI_M_B_Sb.cif,-0.01
CdO_II_VI_M_B_Se.cif,-0.22
CdO_II_VI_M_B_Si.cif,-0.01
CdO_II_VI_M_B_Sn.cif,-0.01
CdO_II_VI_M_B_Te.cif,-0.01
CdO_II_VI_M_i_A_Cr.cif,-1.00
CdO_II_VI_M_i_A_Mn.cif,-0.05
CdO_II_VI_M_i_A_V.cif,-0.47
CdO_II_VI_M_i_B_Cr.cif,-1.33
CdO_II_VI_M_i_B_Fe.cif,-0.19
CdO_II_VI_M_i_B_Mn.cif,-0.80
CdO_II_VI_M_i_B_Ni.cif,-0.06
CdO_II_VI_M_i_B_Ti.cif,-0.22
CdO_II_VI_M_i_B_V.cif,-1.01
CdO_II_VI_M_i_neut_Cr.cif,-0.95
CdO_II_VI_M_i_neut_V.cif,-0.40
CdO_V_Cd.cif,-0.67
CdO_V_O.cif,-0.76
CdS_II_VI_M_A_Al.cif,-0.02
CdS_II_VI_M_A_Be.cif,0.00
CdS_II_VI_M_A_Ca.cif,-0.18
CdS_II_VI_M_A_Co.cif,0.00
CdS_II_VI_M_A_Cr.cif,-1.98
CdS_II_VI_M_A_Cu.cif,-0.01
CdS_II_VI_M_A_Fe.cif,-0.22
CdS_II_VI_M_A_Ga.cif,-0.04
CdS_II_VI_M_A_Hf.cif,-0.96
CdS_II_VI_M_A_Li.cif,0.00
CdS_II_VI_M_A_Mg.cif,-0.90
CdS_II_VI_M_A_Mn.cif,-0.73
CdS_II_VI_M_A_N.cif,-0.32
CdS_II_VI_M_A_Ni.cif,-0.01
CdS_II_VI_M_A_Sc.cif,-0.52
CdS_II_VI_M_A_Ti.cif,-1.02
CdS_II_VI_M_A_V.cif,-1.49
CdS_II_VI_M_A_Zn.cif,-0.61
CdS_II_VI_M_B_As.cif,0.00
CdS_II_VI_M_B_Br.cif,-0.96
CdS_II_VI_M_B_C.cif,0.00
CdS_II_VI_M_B_Cl.cif,-0.48
CdS_II_VI_M_B_Cr.cif,-0.20
CdS_II_VI_M_B_F.cif,-0.01
CdS_II_VI_M_B_I.cif,-0.03
CdS_II_VI_M_B_N.cif,-1.43
CdS_II_VI_M_B_O.cif,-0.10
CdS_II_VI_M_B_P.cif,0.00
CdS_II_VI_M_B_Sb.cif,0.00
CdS_II_VI_M_B_Se.cif,-0.71
CdS_II_VI_M_B_Te.cif,0.00
CdS_II_VI_M_i_A_Cr.cif,-1.65
CdS_II_VI_M_i_A_Cu.cif,-0.01
CdS_II_VI_M_i_A_F.cif,-0.01
CdS_II_VI_M_i_A_Fe.cif,-0.08
CdS_II_VI_M_i_A_Li.cif,-0.30
CdS_II_VI_M_i_A_Mn.cif,-0.67
CdS_II_VI_M_i_A_N.cif,-0.01
CdS_II_VI_M_i_A_Ni.cif,0.00
CdS_II_VI_M_i_A_Ti.cif,-0.53
CdS_II_VI_M_i_A_V.cif,-1.44
CdS_II_VI_M_i_B_Co.cif,-0.01
CdS_II_VI_M_i_B_Cr.cif,-2.29
CdS_II_VI_M_i_B_Cu.cif,-0.51
CdS_II_VI_M_i_B_F.cif,0.00
CdS_II_VI_M_i_B_Fe.cif,-0.71
CdS_II_VI_M_i_B_Li.cif,-0.54
CdS_II_VI_M_i_B_Mg.cif,0.00
CdS_II_VI_M_i_B_Mn.cif,-1.50
CdS_II_VI_M_i_B_N.cif,-0.51
CdS_II_VI_M_i_B_Ni.cif,-0.47
CdS_II_VI_M_i_B_Sc.cif,-0.43
CdS_II_VI_M_i_B_Ti.cif,-1.25
CdS_II_VI_M_i_B_V.cif,-2.05
CdS_II_VI_M_i_B_Zn.cif,-0.14
CdS_II_VI_M_i_neut_Cr.cif,-1.78
CdS_II_VI_M_i_neut_Cu.cif,-0.36
CdS_II_VI_M_i_neut_Fe.cif,-0.30
CdS_II_VI_M_i_neut_Li.cif,-0.36
CdS_II_VI_M_i_neut_Mn.cif,-0.60
CdS_II_VI_M_i_neut_N.cif,-0.47
CdS_II_VI_M_i_neut_Ni.cif,-0.41
CdS_II_VI_M_i_neut_Ti.cif,-0.12
CdS_II_VI_M_i_neut_V.cif,-0.96
CdS_V_Cd.cif,-1.07
CdS_V_S.cif,-1.11
CdSe_II_VI_M_A_Al.cif,-0.29
CdSe_II_VI_M_A_Ca.cif,-0.26
CdSe_II_VI_M_A_Co.cif,0.00
CdSe_II_VI_M_A_Cr.cif,-2.41
CdSe_II_VI_M_A_Cu.cif,0.00
CdSe_II_VI_M_A_Fe.cif,-0.48
CdSe_II_VI_M_A_Ga.cif,-0.34
CdSe_II_VI_M_A_Hf.cif,-0.28
CdSe_II_VI_M_A_Li.cif,0.00
CdSe_II_VI_M_A_Mg.cif,-0.92
CdSe_II_VI_M_A_Mn.cif,-0.97
CdSe_II_VI_M_A_N.cif,-0.89
CdSe_II_VI_M_A_Na.cif,0.00
CdSe_II_VI_M_A_Ni.cif,0.00
CdSe_II_VI_M_A_Sc.cif,-0.41
CdSe_II_VI_M_A_Ti.cif,-1.32
CdSe_II_VI_M_A_V.cif,-1.87
CdSe_II_VI_M_A_Zn.cif,-0.73
CdSe_II_VI_M_B_As.cif,-0.06
CdSe_II_VI_M_B_Br.cif,-0.95
CdSe_II_VI_M_B_Cl.cif,-0.44
CdSe_II_VI_M_B_Cr.cif,-0.26
CdSe_II_VI_M_B_I.cif,-0.58
CdSe_II_VI_M_B_N.cif,-1.38
CdSe_II_VI_M_B_S.cif,-1.65
CdSe_II_VI_M_B_Te.cif,-0.12
CdSe_II_VI_M_i_A_Cr.cif,-1.65
CdSe_II_VI_M_i_A_Fe.cif,-0.08
CdSe_II_VI_M_i_A_Li.cif,-0.30
CdSe_II_VI_M_i_A_Mn.cif,-0.67
CdSe_II_VI_M_i_A_N.cif,-0.01
CdSe_II_VI_M_i_A_Ti.cif,-0.53
CdSe_II_VI_M_i_A_V.cif,-1.44
CdSe_II_VI_M_i_B_Cr.cif,-2.29
CdSe_II_VI_M_i_B_Cu.cif,-0.51
CdSe_II_VI_M_i_B_Fe.cif,-0.71
CdSe_II_VI_M_i_B_Li.cif,-0.54
CdSe_II_VI_M_i_B_Mg.cif,0.00
CdSe_II_VI_M_i_B_Mn.cif,-1.50
CdSe_II_VI_M_i_B_N.cif,-0.51
CdSe_II_VI_M_i_B_Ni.cif,-0.47
CdSe_II_VI_M_i_B_Sc.cif,-0.43
CdSe_II_VI_M_i_B_Ti.cif,-1.25
CdSe_II_VI_M_i_B_V.cif,-2.05
CdSe_II_VI_M_i_B_Zn.cif,-0.14
CdSe_II_VI_M_i_neut_Cr.cif,-1.78
CdSe_II_VI_M_i_neut_Cu.cif,-0.36
CdSe_II_VI_M_i_neut_Fe.cif,-0.30
CdSe_II_VI_M_i_neut_Li.cif,-0.36
CdSe_II_VI_M_i_neut_Mn.cif,-0.60
CdSe_II_VI_M_i_neut_N.cif,-0.47
CdSe_II_VI_M_i_neut_Ni.cif,-0.41
CdSe_II_VI_M_i_neut_Ti.cif,-0.12
CdSe_II_VI_M_i_neut_V.cif,-0.96
CdSe_V_Cd.cif,-1.49
CdSe_V_Se.cif,-1.63
CdTe_II_VI_M_A_Co.cif,-0.98
CdTe_II_VI_M_A_Cr.cif,-3.07
CdTe_II_VI_M_A_Cu.cif,-0.73
CdTe_II_VI_M_A_Fe.cif,-1.33
CdTe_II_VI_M_A_In.cif,-0.03
CdTe_II_VI_M_A_K.cif,-0.01
CdTe_II_VI_M_A_Li.cif,0.00
CdTe_II_VI_M_A_Mg.cif,-0.51
CdTe_II_VI_M_A_Mn.cif,-2.21
CdTe_II_VI_M_A_N.cif,-1.31
CdTe_II_VI_M_A_Na.cif,-0.05
CdTe_II_VI_M_A_Ni.cif,-0.72
CdTe_II_VI_M_A_Sc.cif,-1.50
CdTe_II_VI_M_A_Ti.cif,-2.18
CdTe_II_VI_M_A_V.cif,-3.04
CdTe_II_VI_M_A_Zn.cif,-0.66
CdTe_II_VI_M_B_As.cif,-0.01
CdTe_II_VI_M_B_Bi.cif,-0.02
CdTe_II_VI_M_B_Br.cif,-0.67
CdTe_II_VI_M_B_Cr.cif,-0.51
CdTe_II_VI_M_B_I.cif,-0.46
CdTe_II_VI_M_B_N.cif,-1.39
CdTe_II_VI_M_B_Ni.cif,-0.17
CdTe_II_VI_M_B_P.cif,0.00
CdTe_II_VI_M_B_Sb.cif,-0.12
CdTe_II_VI_M_B_Se.cif,-0.86
CdTe_II_VI_M_B_V.cif,-0.46
CdTe_II_VI_M_i_A_Co.cif,-0.30
CdTe_II_VI_M_i_A_Cr.cif,-1.47
CdTe_II_VI_M_i_A_Mn.cif,-0.55
CdTe_II_VI_M_i_A_N.cif,-1.53
CdTe_II_VI_M_i_A_Ni.cif,-0.32
CdTe_II_VI_M_i_A_Ti.cif,-0.52
CdTe_II_VI_M_i_A_V.cif,-1.28
CdTe_II_VI_M_i_B_Co.cif,-0.47
CdTe_II_VI_M_i_B_Cr.cif,-2.08
CdTe_II_VI_M_i_B_Cu.cif,-0.48
CdTe_II_VI_M_i_B_Fe.cif,-0.53
CdTe_II_VI_M_i_B_Li.cif,-0.31
CdTe_II_VI_M_i_B_Mn.cif,-1.32
CdTe_II_VI_M_i_B_N.cif,-1.42
CdTe_II_VI_M_i_B_Na.cif,-0.18
CdTe_II_VI_M_i_B_Ni.cif,-0.86
CdTe_II_VI_M_i_B_Sc.cif,-0.50
CdTe_II_VI_M_i_B_Ti.cif,-1.33
CdTe_II_VI_M_i_B_V.cif,-2.01
CdTe_II_VI_M_i_neut_Co.cif,-0.62
CdTe_II_VI_M_i_neut_Cr.cif,-2.02
CdTe_II_VI_M_i_neut_Cu.cif,-0.49
CdTe_II_VI_M_i_neut_Fe.cif,-0.30
CdTe_II_VI_M_i_neut_Li.cif,-0.03
CdTe_II_VI_M_i_neut_Mn.cif,-0.72
CdTe_II_VI_M_i_neut_N.cif,-1.10
CdTe_II_VI_M_i_neut_Ni.cif,-1.00
CdTe_II_VI_M_i_neut_Ti.cif,-0.57
CdTe_II_VI_M_i_neut_V.cif,-1.43
CdTe_V_Te.cif,-0.15
GaAs_III_V_M_A_Cr.cif,-1.40
GaAs_III_V_M_A_Cu.cif,-0.40
GaAs_III_V_M_A_Fe.cif,-0.26
GaAs_III_V_M_A_Mn.cif,-0.49
GaAs_III_V_M_A_N.cif,0.00
GaAs_III_V_M_A_Ni.cif,-0.11
GaAs_III_V_M_A_Sc.cif,0.00
GaAs_III_V_M_A_Ti.cif,-0.59
GaAs_III_V_M_A_V.cif,-0.66
GaAs_III_V_M_B_Al.cif,0.00
GaAs_III_V_M_B_B.cif,-0.02
GaAs_III_V_M_B_Br.cif,-0.12
GaAs_III_V_M_B_Cd.cif,0.00
GaAs_III_V_M_B_Cr.cif,-1.13
GaAs_III_V_M_B_Ga.cif,-0.01
GaAs_III_V_M_B_Ge.cif,-0.01
GaAs_III_V_M_B_In.cif,-0.01
GaAs_III_V_M_B_N.cif,-2.85
GaAs_III_V_M_B_Ni.cif,-0.43
GaAs_III_V_M_B_Sb.cif,0.00
GaAs_III_V_M_B_Si.cif,-0.34
GaAs_III_V_M_B_Sn.cif,-0.01
GaAs_III_V_M_B_Te.cif,0.00
GaAs_III_V_M_B_V.cif,-0.33
GaAs_III_V_M_B_Zn.cif,0.00
GaAs_III_V_M_i_A_Cr.cif,-1.36
GaAs_III_V_M_i_A_Cu.cif,-0.45
GaAs_III_V_M_i_A_Fe.cif,-0.10
GaAs_III_V_M_i_A_Mn.cif,-0.33
GaAs_III_V_M_i_A_N.cif,-0.13
GaAs_III_V_M_i_A_Ni.cif,-0.64
GaAs_III_V_M_i_A_Ti.cif,-0.22
GaAs_III_V_M_i_A_V.cif,-0.96
GaAs_III_V_M_i_B_Cr.cif,-1.41
GaAs_III_V_M_i_B_Cu.cif,-0.32
GaAs_III_V_M_i_B_Mn.cif,-0.68
GaAs_III_V_M_i_B_Ni.cif,-0.80
GaAs_III_V_M_i_B_Ti.cif,-0.39
GaAs_III_V_M_i_B_V.cif,-1.11
GaAs_III_V_M_i_neut_Cr.cif,-0.83
GaAs_III_V_M_i_neut_Ni.cif,-0.53
GaAs_III_V_M_i_neut_V.cif,-0.40
GaAs_V_Ga.cif,0.00
GaN_III_V_M_A_Be.cif,0.00
GaN_III_V_M_A_Cr.cif,-2.23
GaN_III_V_M_A_Fe.cif,-0.03
GaN_III_V_M_A_Mn.cif,-0.62
GaN_III_V_M_A_Nb.cif,-0.74
GaN_III_V_M_A_Ni.cif,0.00
GaN_III_V_M_A_Ti.cif,0.00
GaN_III_V_M_A_V.cif,-2.00
GaN_III_V_M_B_Cr.cif,-1.46
GaN_III_V_M_B_Mn.cif,-0.14
GaN_III_V_M_B_V.cif,-0.82
GaN_III_V_M_i_B_Cr.cif,-0.15
GaN_III_V_M_i_B_Li.cif,-0.03
GaP_III_V_M_A_Cr.cif,-1.25
GaP_III_V_M_A_Cu.cif,0.00
GaP_III_V_M_A_Fe.cif,0.00
GaP_III_V_M_A_Mn.cif,-0.26
GaP_III_V_M_A_N.cif,-0.01
GaP_III_V_M_A_Ni.cif,0.00
GaP_III_V_M_A_Ti.cif,-0.15
GaP_III_V_M_A_V.cif,-0.98
GaP_III_V_M_B_Al.cif,0.00
GaP_III_V_M_B_As.cif,-0.01
GaP_III_V_M_B_B.cif,-0.01
GaP_III_V_M_B_Bi.cif,-0.01
GaP_III_V_M_B_Br.cif,-0.18
GaP_III_V_M_B_C.cif,-0.01
GaP_III_V_M_B_Cd.cif,-0.01
GaP_III_V_M_B_Cr.cif,-0.01
GaP_III_V_M_B_Cu.cif,0.00
GaP_III_V_M_B_Ga.cif,0.00
GaP_III_V_M_B_In.cif,0.00
GaP_III_V_M_B_N.cif,-2.22
GaP_III_V_M_B_Ni.cif,0.00
GaP_III_V_M_B_Si.cif,0.00
GaP_III_V_M_B_Sn.cif,0.00
GaP_III_V_M_B_Zn.cif,-0.01
GaP_III_V_M_i_A_Cr.cif,-1.68
GaP_III_V_M_i_A_Cu.cif,-0.06
GaP_III_V_M_i_A_Fe.cif,-0.03
GaP_III_V_M_i_A_Li.cif,-0.30
GaP_III_V_M_i_A_Mn.cif,-0.37
GaP_III_V_M_i_A_Ni.cif,-0.17
GaP_III_V_M_i_A_V.cif,-0.89
GaP_III_V_M_i_B_Cr.cif,-1.69
GaP_III_V_M_i_B_Cu.cif,-0.27
GaP_III_V_M_i_B_Fe.cif,-0.16
GaP_III_V_M_i_B_Li.cif,-0.42
GaP_III_V_M_i_B_Mn.cif,-0.91
GaP_III_V_M_i_B_Na.cif,-0.05
GaP_III_V_M_i_B_Ni.cif,-0.32
GaP_III_V_M_i_B_Ti.cif,-0.41
GaP_III_V_M_i_B_V.cif,-1.37
GaP_III_V_M_i_neut_Cr.cif,-0.78
GaP_III_V_M_i_neut_Ni.cif,-0.01
GaP_III_V_M_i_neut_V.cif,-0.35
GaSb_III_V_M_A_Al.cif,0.00
GaSb_III_V_M_A_Cr.cif,-1.38
GaSb_III_V_M_A_Cu.cif,-0.47
GaSb_III_V_M_A_Fe.cif,-0.38
GaSb_III_V_M_A_Ga.cif,-0.01
GaSb_III_V_M_A_In.cif,-0.01
GaSb_III_V_M_A_Mn.cif,-0.55
GaSb_III_V_M_A_N.cif,0.00
GaSb_III_V_M_A_Ni.cif,-0.05
GaSb_III_V_M_A_Ti.cif,-0.58
GaSb_III_V_M_A_V.cif,-0.80
GaSb_III_V_M_A_Zn.cif,0.00
GaSb_III_V_M_B_Al.cif,-0.01
GaSb_III_V_M_B_As.cif,-0.02
GaSb_III_V_M_B_B.cif,0.00
GaSb_III_V_M_B_Cr.cif,-0.51
GaSb_III_V_M_B_Cu.cif,0.00
GaSb_III_V_M_B_Fe.cif,-0.01
GaSb_III_V_M_B_Ga.cif,-0.06
GaSb_III_V_M_B_Ge.cif,0.00
GaSb_III_V_M_B_In.cif,-0.01
GaSb_III_V_M_B_Mn.cif,-0.01
GaSb_III_V_M_B_N.cif,-1.24
GaSb_III_V_M_B_Ni.cif,-0.01
GaSb_III_V_M_B_Sb.cif,-0.01
GaSb_III_V_M_B_Si.cif,-0.01
GaSb_III_V_M_B_Sn.cif,-0.01
GaSb_III_V_M_B_V.cif,-0.01
GaSb_III_V_M_B_Zn.cif,0.00
GaSb_III_V_M_i_A_Cr.cif,-1.28
GaSb_III_V_M_i_A_Cu.cif,-0.17
GaSb_III_V_M_i_A_Fe.cif,-0.10
GaSb_III_V_M_i_A_Mn.cif,-0.29
GaSb_III_V_M_i_A_N.cif,-0.11
GaSb_III_V_M_i_A_Ni.cif,-0.34
GaSb_III_V_M_i_A_Ti.cif,-0.12
GaSb_III_V_M_i_A_V.cif,-0.96
GaSb_III_V_M_i_B_Cr.cif,-1.09
GaSb_III_V_M_i_B_Cu.cif,-0.19
GaSb_III_V_M_i_B_Fe.cif,-0.08
GaSb_III_V_M_i_B_Mn.cif,-0.20
GaSb_III_V_M_i_B_Ni.cif,-0.04
GaSb_III_V_M_i_B_Ti.cif,-0.09
GaSb_III_V_M_i_B_V.cif,-0.83
GaSb_III_V_M_i_neut_Cr.cif,-0.99
GaSb_III_V_M_i_neut_Cu.cif,-0.06
GaSb_III_V_M_i_neut_Ni.cif,-0.66
GaSb_III_V_M_i_neut_V.cif,-0.26
GaSb_V_Ga.cif,0.00
GaSb_V_Sb.cif,-0.01
Ge_IV_IV_M_A_Al.cif,-0.20
Ge_IV_IV_M_A_As.cif,0.00
Ge_IV_IV_M_A_Au.cif,-0.58
Ge_IV_IV_M_A_B.cif,-0.02
Ge_IV_IV_M_A_Cd.cif,-0.01
Ge_IV_IV_M_A_Cr.cif,-2.08
Ge_IV_IV_M_A_Cu.cif,-1.05
Ge_IV_IV_M_A_Fe.cif,-0.76
Ge_IV_IV_M_A_Ga.cif,-0.53
Ge_IV_IV_M_A_In.cif,-0.04
Ge_IV_IV_M_A_Mn.cif,-0.86
Ge_IV_IV_M_A_N.cif,-1.79
Ge_IV_IV_M_A_Ni.cif,-1.21
Ge_IV_IV_M_A_Pd.cif,-0.20
Ge_IV_IV_M_A_Pt.cif,-0.26
Ge_IV_IV_M_A_Sb.cif,-0.01
Ge_IV_IV_M_A_Si.cif,-0.86
Ge_IV_IV_M_A_Sn.cif,0.00
Ge_IV_IV_M_A_Ti.cif,-0.58
Ge_IV_IV_M_A_V.cif,-1.21
Ge_IV_IV_M_A_Zn.cif,-0.17
Ge_IV_IV_M_i_A_Cr.cif,-2.16
Ge_IV_IV_M_i_A_Cu.cif,-1.09
Ge_IV_IV_M_i_A_Fe.cif,-0.52
Ge_IV_IV_M_i_A_Mn.cif,-0.77
Ge_IV_IV_M_i_A_N.cif,-1.14
Ge_IV_IV_M_i_A_Ni.cif,-1.40
Ge_IV_IV_M_i_A_Ti.cif,-0.19
Ge_IV_IV_M_i_A_V.cif,-0.68
Ge_IV_IV_M_i_neut_Cr.cif,-1.15
Ge_IV_IV_M_i_neut_Cu.cif,-0.33
Ge_IV_IV_M_i_neut_N.cif,-0.58
Ge_IV_IV_M_i_neut_Ni.cif,-0.91
Ge_IV_IV_M_i_neut_V.cif,0.00
Ge_V_Ge.cif,0.00
GeC_IV_IV_M_A_Al.cif,0.00
GeC_IV_IV_M_A_Cr.cif,-5.28
GeC_IV_IV_M_A_Cu.cif,-0.80
GeC_IV_IV_M_A_Fe.cif,-1.24
GeC_IV_IV_M_A_Ga.cif,-0.17
GeC_IV_IV_M_A_Mn.cif,-1.02
GeC_IV_IV_M_A_N.cif,-0.77
GeC_IV_IV_M_A_Ni.cif,0.00
GeC_IV_IV_M_A_Ti.cif,-0.08
GeC_IV_IV_M_A_V.cif,-2.44
GeC_IV_IV_M_B_Cr.cif,-0.27
GeSn_IV_IV_M_A_Al.cif,-0.13
GeSn_IV_IV_M_A_Au.cif,-0.56
GeSn_IV_IV_M_A_B.cif,0.00
GeSn_IV_IV_M_A_Cr.cif,-1.92
GeSn_IV_IV_M_A_Cu.cif,-1.03
GeSn_IV_IV_M_A_Fe.cif,-0.71
GeSn_IV_IV_M_A_Ga.cif,-0.23
GeSn_IV_IV_M_A_In.cif,-0.05
GeSn_IV_IV_M_A_Mn.cif,-0.90
GeSn_IV_IV_M_A_N.cif,-1.55
GeSn_IV_IV_M_A_Ni.cif,-1.15
GeSn_IV_IV_M_A_Pd.cif,-0.26
GeSn_IV_IV_M_A_Pt.cif,-0.11
GeSn_IV_IV_M_A_Si.cif,-0.79
GeSn_IV_IV_M_A_Ti.cif,-0.56
GeSn_IV_IV_M_A_V.cif,-1.23
GeSn_IV_IV_M_A_Zn.cif,-0.10
GeSn_IV_IV_M_B_Al.cif,-0.50
GeSn_IV_IV_M_B_As.cif,-0.35
GeSn_IV_IV_M_B_B.cif,0.00
GeSn_IV_IV_M_B_Cr.cif,-1.46
GeSn_IV_IV_M_B_Cu.cif,-0.45
GeSn_IV_IV_M_B_Fe.cif,-0.28
GeSn_IV_IV_M_B_Ga.cif,-0.49
GeSn_IV_IV_M_B_Ge.cif,-0.60
GeSn_IV_IV_M_B_Mn.cif,-0.30
GeSn_IV_IV_M_B_N.cif,-1.56
GeSn_IV_IV_M_B_Ni.cif,-0.56
GeSn_IV_IV_M_B_Si.cif,-0.41
GeSn_IV_IV_M_B_Ti.cif,-0.46
GeSn_IV_IV_M_B_V.cif,-0.93
GeSn_IV_IV_M_B_Zn.cif,-0.25
GeSn_IV_IV_M_i_A_Cr.cif,-1.92
GeSn_IV_IV_M_i_A_Cu.cif,-0.84
GeSn_IV_IV_M_i_A_Fe.cif,-0.54
GeSn_IV_IV_M_i_A_Mn.cif,-0.72
GeSn_IV_IV_M_i_A_N.cif,-1.38
GeSn_IV_IV_M_i_A_Ni.cif,-1.41
GeSn_IV_IV_M_i_A_Ti.cif,-0.54
GeSn_IV_IV_M_i_A_V.cif,-0.86
GeSn_IV_IV_M_i_B_Cr.cif,-1.92
GeSn_IV_IV_M_i_B_Cu.cif,-0.84
GeSn_IV_IV_M_i_B_Fe.cif,-0.54
GeSn_IV_IV_M_i_B_Mn.cif,-0.72
GeSn_IV_IV_M_i_B_N.cif,-1.38
GeSn_IV_IV_M_i_B_Ni.cif,-1.41
GeSn_IV_IV_M_i_B_Ti.cif,-0.54
GeSn_IV_IV_M_i_B_V.cif,-0.86
GeSn_IV_IV_M_i_neut_Cr.cif,-1.44
GeSn_IV_IV_M_i_neut_Cu.cif,-0.60
GeSn_IV_IV_M_i_neut_Fe.cif,-0.13
GeSn_IV_IV_M_i_neut_Mn.cif,-0.33
GeSn_IV_IV_M_i_neut_N.cif,-0.72
GeSn_IV_IV_M_i_neut_Ni.cif,-1.26
GeSn_IV_IV_M_i_neut_V.cif,-0.15
InAs_III_V_M_A_Al.cif,-0.28
InAs_III_V_M_A_Cr.cif,-1.26
InAs_III_V_M_A_Cu.cif,-0.35
InAs_III_V_M_A_Fe.cif,-0.09
InAs_III_V_M_A_Ga.cif,-0.01
InAs_III_V_M_A_Mn.cif,-0.46
InAs_III_V_M_A_Ni.cif,-0.07
InAs_III_V_M_A_Sc.cif,-0.04
InAs_III_V_M_A_Ti.cif,-0.59
InAs_III_V_M_A_V.cif,-0.91
InAs_III_V_M_B_Br.cif,-0.11
InAs_III_V_M_B_Cr.cif,-0.66
InAs_III_V_M_B_Cu.cif,-0.06
InAs_III_V_M_B_N.cif,-1.48
InAs_III_V_M_B_Ni.cif,-0.20
InAs_III_V_M_i_A_Cr.cif,-1.33
InAs_III_V_M_i_A_Cu.cif,-0.46
InAs_III_V_M_i_A_Fe.cif,-0.12
InAs_III_V_M_i_A_Mn.cif,-0.41
InAs_III_V_M_i_A_N.cif,-0.12
InAs_III_V_M_i_A_Ni.cif,-0.44
InAs_III_V_M_i_A_Ti.cif,-0.44
InAs_III_V_M_i_A_V.cif,-1.33
InAs_III_V_M_i_B_Cr.cif,-1.58
InAs_III_V_M_i_B_Cu.cif,-0.61
InAs_III_V_M_i_B_Fe.cif,-0.32
InAs_III_V_M_i_B_Li.cif,-0.08
InAs_III_V_M_i_B_Mn.cif,-0.79
InAs_III_V_M_i_B_Ni.cif,-0.68
InAs_III_V_M_i_B_Ti.cif,-0.65
InAs_III_V_M_i_B_V.cif,-1.42
InAs_III_V_M_i_neut_Cr.cif,-1.29
InAs_III_V_M_i_neut_Cu.cif,-0.26
InAs_III_V_M_i_neut_Mn.cif,-0.06
InAs_III_V_M_i_neut_Ni.cif,-0.78
InAs_III_V_M_i_neut_V.cif,-0.55
InN_III_V_M_A_Al.cif,0.00
InN_III_V_M_A_As.cif,-0.16
InN_III_V_M_A_Be.cif,0.00
InN_III_V_M_A_Ca.cif,0.00
InN_III_V_M_A_Cd.cif,-0.32
InN_III_V_M_A_Cr.cif,-1.98
InN_III_V_M_A_Fe.cif,0.00
InN_III_V_M_A_Ga.cif,-0.25
InN_III_V_M_A_Ge.cif,-0.24
InN_III_V_M_A_Mg.cif,-0.04
InN_III_V_M_A_Mn.cif,-0.99
InN_III_V_M_A_Nb.cif,-3.50
InN_III_V_M_A_Pb.cif,-0.25
InN_III_V_M_A_Sb.cif,-0.09
InN_III_V_M_A_Sc.cif,-0.10
InN_III_V_M_A_Sn.cif,-0.50
InN_III_V_M_A_Ti.cif,-0.67
InN_III_V_M_A_Tl.cif,-0.17
InN_III_V_M_A_V.cif,-2.40
InN_III_V_M_A_Y.cif,-0.38
InN_III_V_M_A_Zn.cif,-0.18
InN_III_V_M_A_Zr.cif,-1.86
InN_III_V_M_B_Cr.cif,-0.12
InN_III_V_M_i_A_Cr.cif,-0.44
InN_III_V_M_i_B_Be.cif,-0.65
InN_III_V_M_i_B_Cr.cif,-1.29
InN_III_V_M_i_B_Li.cif,-0.23
InN_III_V_M_i_B_Mg.cif,-0.24
InN_III_V_M_i_B_Mn.cif,-0.81
InN_III_V_M_i_B_Ti.cif,-0.31
InN_III_V_M_i_B_V.cif,-1.17
InN_III_V_M_i_B_Zr.cif,-0.42
InN_III_V_M_i_neut_Cr.cif,-0.33
InN_V_N.cif,-0.76
InP_III_V_M_A_Al.cif,-0.19
InP_III_V_M_A_Cr.cif,-1.69
InP_III_V_M_A_Cu.cif,-0.31
InP_III_V_M_A_Fe.cif,-0.01
InP_III_V_M_A_Ga.cif,-0.13
InP_III_V_M_A_Mn.cif,-0.64
InP_III_V_M_A_Ni.cif,-0.01
InP_III_V_M_A_Ti.cif,-0.98
InP_III_V_M_A_V.cif,-1.70
InP_III_V_M_B_Br.cif,-0.65
InP_III_V_M_B_Cr.cif,-0.48
InP_III_V_M_B_N.cif,-1.65
InP_III_V_M_i_A_Cr.cif,-1.67
InP_III_V_M_i_A_Fe.cif,-0.08
InP_III_V_M_i_A_Mn.cif,-0.36
InP_III_V_M_i_A_Ni.cif,-0.21
InP_III_V_M_i_A_Ti.cif,-0.26
InP_III_V_M_i_A_V.cif,-1.00
InP_III_V_M_i_B_Cr.cif,-1.75
InP_III_V_M_i_B_Cu.cif,-0.57
InP_III_V_M_i_B_Fe.cif,-0.42
InP_III_V_M_i_B_Li.cif,-0.27
InP_III_V_M_i_B_Mn.cif,-0.74
InP_III_V_M_i_B_Ni.cif,-0.51
InP_III_V_M_i_B_Ti.cif,-0.45
InP_III_V_M_i_B_V.cif,-1.26
InP_III_V_M_i_neut_Cr.cif,-1.12
InP_III_V_M_i_neut_Ni.cif,-0.18
InP_III_V_M_i_neut_V.cif,-0.40
InSb_III_V_M_A_Al.cif,-0.42
InSb_III_V_M_A_As.cif,-0.07
InSb_III_V_M_A_Cr.cif,-2.14
InSb_III_V_M_A_Cu.cif,-0.55
InSb_III_V_M_A_Fe.cif,-0.47
InSb_III_V_M_A_Ga.cif,-0.14
InSb_III_V_M_A_Mn.cif,-1.00
InSb_III_V_M_A_Ni.cif,-0.36
InSb_III_V_M_A_Sc.cif,-0.26
InSb_III_V_M_A_Ti.cif,-1.04
InSb_III_V_M_A_V.cif,-1.70
InSb_III_V_M_B_As.cif,-0.63
InSb_III_V_M_B_Br.cif,-0.26
InSb_III_V_M_B_Cr.cif,-0.89
InSb_III_V_M_B_Cu.cif,-0.27
InSb_III_V_M_B_Ga.cif,-0.19
InSb_III_V_M_B_Ge.cif,-0.11
InSb_III_V_M_B_Mn.cif,-0.09
InSb_III_V_M_B_N.cif,-1.48
InSb_III_V_M_B_Ni.cif,-0.53
InSb_III_V_M_B_V.cif,-0.38
InSb_III_V_M_i_A_Cr.cif,-1.53
InSb_III_V_M_i_A_Cu.cif,-0.39
InSb_III_V_M_i_A_Fe.cif,-0.29
InSb_III_V_M_i_A_Ga.cif,-0.11
InSb_III_V_M_i_A_Li.cif,-0.12
InSb_III_V_M_i_A_Mn.cif,-0.39
InSb_III_V_M_i_A_N.cif,-0.94
InSb_III_V_M_i_A_Ni.cif,-0.61
InSb_III_V_M_i_A_Ti.cif,-0.47
InSb_III_V_M_i_A_V.cif,-1.24
InSb_III_V_M_i_B_Cr.cif,-1.57
InSb_III_V_M_i_B_Cu.cif,-0.37
InSb_III_V_M_i_B_Fe.cif,-0.31
InSb_III_V_M_i_B_Li.cif,-0.12
InSb_III_V_M_i_B_Mn.cif,-0.65
InSb_III_V_M_i_B_N.cif,-0.45
InSb_III_V_M_i_B_Ni.cif,-0.57
InSb_III_V_M_i_B_Ti.cif,-0.65
InSb_III_V_M_i_B_V.cif,-1.33
InSb_III_V_M_i_neut_Cr.cif,-1.79
InSb_III_V_M_i_neut_Cu.cif,-0.64
InSb_III_V_M_i_neut_Fe.cif,-0.34
InSb_III_V_M_i_neut_Mn.cif,-0.57
InSb_III_V_M_i_neut_N.cif,-0.32
InSb_III_V_M_i_neut_Ni.cif,-0.89
InSb_III_V_M_i_neut_Ti.cif,-0.21
InSb_III_V_M_i_neut_V.cif,-1.28
Si_IV_IV_M_A_Al.cif,0.00
Si_IV_IV_M_A_As.cif,0.00
Si_IV_IV_M_A_B.cif,-0.01
Si_IV_IV_M_A_Cd.cif,0.00
Si_IV_IV_M_A_Cr.cif,-1.54
Si_IV_IV_M_A_Cu.cif,-0.48
Si_IV_IV_M_A_Ga.cif,0.00
Si_IV_IV_M_A_Ge.cif,0.00
Si_IV_IV_M_A_In.cif,0.00
Si_IV_IV_M_A_Mn.cif,-0.43
Si_IV_IV_M_A_N.cif,-0.95
Si_IV_IV_M_A_Ni.cif,-0.86
Si_IV_IV_M_A_Sb.cif,0.00
Si_IV_IV_M_A_Sn.cif,0.00
Si_IV_IV_M_A_V.cif,-0.86
Si_IV_IV_M_A_Zn.cif,0.00
Si_IV_IV_M_i_A_Cr.cif,-2.11
Si_IV_IV_M_i_A_Cu.cif,-0.55
Si_IV_IV_M_i_A_Fe.cif,-0.11
Si_IV_IV_M_i_A_Mn.cif,-0.44
Si_IV_IV_M_i_A_N.cif,-0.51
Si_IV_IV_M_i_A_Ni.cif,-1.46
Si_IV_IV_M_i_A_V.cif,-0.53
Si_IV_IV_M_i_neut_Cr.cif,-0.80
Si_IV_IV_M_i_neut_Ni.cif,-0.63
Si_IV_IV_M_i_neut_V.cif,0.00
Si_V_Si.cif,-0.01
SiC_IV_IV_M_A_Be.cif,0.00
SiC_IV_IV_M_A_Cr.cif,-3.26
SiC_IV_IV_M_A_Cu.cif,-0.01
SiC_IV_IV_M_A_Fe.cif,-0.76
SiC_IV_IV_M_A_Mn.cif,-1.24
SiC_IV_IV_M_A_Ni.cif,-0.01
SiC_IV_IV_M_A_Ti.cif,-0.57
SiC_IV_IV_M_A_V.cif,-2.37
SiC_IV_IV_M_B_Cr.cif,-0.73
SiGe_IV_IV_M_A_Al.cif,-0.01
SiGe_IV_IV_M_A_B.cif,0.00
SiGe_IV_IV_M_A_Cr.cif,-1.50
SiGe_IV_IV_M_A_Cu.cif,-0.47
SiGe_IV_IV_M_A_Fe.cif,-0.06
SiGe_IV_IV_M_A_Ga.cif,-0.15
SiGe_IV_IV_M_A_Ge.cif,0.00
SiGe_IV_IV_M_A_In.cif,0.00
SiGe_IV_IV_M_A_Mn.cif,-0.52
SiGe_IV_IV_M_A_N.cif,-1.01
SiGe_IV_IV_M_A_Ni.cif,-0.66
SiGe_IV_IV_M_A_Sn.cif,0.00
SiGe_IV_IV_M_A_Ti.cif,-0.01
SiGe_IV_IV_M_A_V.cif,-0.66
SiGe_IV_IV_M_A_Zn.cif,0.00
SiGe_IV_IV_M_B_Al.cif,-0.01
SiGe_IV_IV_M_B_B.cif,0.00
SiGe_IV_IV_M_B_Cd.cif,-0.01
SiGe_IV_IV_M_B_Cr.cif,-1.29
SiGe_IV_IV_M_B_Cu.cif,-0.36
SiGe_IV_IV_M_B_Fe.cif,-0.01
SiGe_IV_IV_M_B_Ga.cif,0.00
SiGe_IV_IV_M_B_In.cif,0.00
SiGe_IV_IV_M_B_Mn.cif,-0.05
SiGe_IV_IV_M_B_N.cif,-1.10
SiGe_IV_IV_M_B_Ni.cif,-0.58
SiGe_IV_IV_M_B_Si.cif,-0.90
SiGe_IV_IV_M_B_V.cif,-0.34
SiGe_IV_IV_M_B_Zn.cif,-0.02
SiGe_IV_IV_M_i_A_Cr.cif,-1.88
SiGe_IV_IV_M_i_A_Cu.cif,-0.63
SiGe_IV_IV_M_i_A_Fe.cif,-0.23
SiGe_IV_IV_M_i_A_Mn.cif,-0.48
SiGe_IV_IV_M_i_A_N.cif,-0.72
SiGe_IV_IV_M_i_A_Ni.cif,-1.29
SiGe_IV_IV_M_i_A_V.cif,-0.53
SiGe_IV_IV_M_i_B_Cr.cif,-1.68
SiGe_IV_IV_M_i_B_Cu.cif,-0.48
SiGe_IV_IV_M_i_B_Mn.cif,-0.19
SiGe_IV_IV_M_i_B_N.cif,-0.49
SiGe_IV_IV_M_i_B_Ni.cif,-1.09
SiGe_IV_IV_M_i_B_V.cif,-0.57
SiGe_IV_IV_M_i_neut_Cr.cif,-0.63
SiGe_IV_IV_M_i_neut_Ni.cif,-0.42
SiSn_IV_IV_M_A_Al.cif,-0.01
SiSn_IV_IV_M_A_As.cif,-0.01
SiSn_IV_IV_M_A_B.cif,0.00
SiSn_IV_IV_M_A_C.cif,0.00
SiSn_IV_IV_M_A_Cd.cif,-0.01
SiSn_IV_IV_M_A_Cr.cif,-1.70
SiSn_IV_IV_M_A_Cu.cif,-0.67
SiSn_IV_IV_M_A_Fe.cif,-0.26
SiSn_IV_IV_M_A_Ga.cif,0.00
SiSn_IV_IV_M_A_Ge.cif,0.00
SiSn_IV_IV_M_A_In.cif,-0.15
SiSn_IV_IV_M_A_Mn.cif,-0.69
SiSn_IV_IV_M_A_N.cif,-0.85
SiSn_IV_IV_M_A_Ni.cif,-0.39
SiSn_IV_IV_M_A_Sb.cif,-0.01
SiSn_IV_IV_M_A_Te.cif,-0.01
SiSn_IV_IV_M_A_Ti.cif,-0.31
SiSn_IV_IV_M_A_V.cif,-0.99
SiSn_IV_IV_M_A_Zn.cif,0.00
SiSn_IV_IV_M_B_Ag.cif,-0.02
SiSn_IV_IV_M_B_Al.cif,0.00
SiSn_IV_IV_M_B_As.cif,-0.01
SiSn_IV_IV_M_B_Au.cif,-0.01
SiSn_IV_IV_M_B_B.cif,0.00
SiSn_IV_IV_M_B_Be.cif,0.00
SiSn_IV_IV_M_B_Bi.cif,-0.01
SiSn_IV_IV_M_B_Cd.cif,0.00
SiSn_IV_IV_M_B_Cr.cif,-0.76
SiSn_IV_IV_M_B_Cu.cif,-0.01
SiSn_IV_IV_M_B_Fe.cif,-0.01
SiSn_IV_IV_M_B_Ga.cif,-0.01
SiSn_IV_IV_M_B_Ge.cif,0.00
SiSn_IV_IV_M_B_In.cif,-0.01
SiSn_IV_IV_M_B_Mn.cif,-0.01
SiSn_IV_IV_M_B_N.cif,-1.09
SiSn_IV_IV_M_B_Ni.cif,-0.09
SiSn_IV_IV_M_B_Pb.cif,-0.01
SiSn_IV_IV_M_B_Pd.cif,-0.02
SiSn_IV_IV_M_B_Pt.cif,-0.01
SiSn_IV_IV_M_B_Sb.cif,0.00
SiSn_IV_IV_M_B_Si.cif,-0.08
SiSn_IV_IV_M_B_Ti.cif,0.00
SiSn_IV_IV_M_B_Tl.cif,-0.02
SiSn_IV_IV_M_B_V.cif,-0.27
SiSn_IV_IV_M_B_Zn.cif,-0.01
SiSn_IV_IV_M_i_A_Cr.cif,-1.74
SiSn_IV_IV_M_i_A_Cu.cif,-0.61
SiSn_IV_IV_M_i_A_Fe.cif,-0.03
SiSn_IV_IV_M_i_A_Mn.cif,-0.45
SiSn_IV_IV_M_i_A_N.cif,-0.65
SiSn_IV_IV_M_i_A_Ni.cif,-1.23
SiSn_IV_IV_M_i_A_Ti.cif,-0.07
SiSn_IV_IV_M_i_A_V.cif,-0.60
SiSn_IV_IV_M_i_B_Cr.cif,-1.19
SiSn_IV_IV_M_i_B_Cu.cif,-0.18
SiSn_IV_IV_M_i_B_N.cif,0.00
SiSn_IV_IV_M_i_B_Ni.cif,-0.19
SiSn_IV_IV_M_i_B_V.cif,-0.10
SiSn_IV_IV_M_i_neut_Cr.cif,-0.88
SiSn_IV_IV_M_i_neut_Cu.cif,-0.01
SiSn_IV_IV_M_i_neut_Fe.cif,-0.02
SiSn_IV_IV_M_i_neut_N.cif,-0.01
SiSn_IV_IV_M_i_neut_Ni.cif,-0.69
SiSn_IV_IV_M_i_neut_V.cif,-0.01
SiSn_V_Si.cif,0.00
SiSn_V_Sn.cif,-0.01
Sn_IV_IV_M_A_Al.cif,-0.25
Sn_IV_IV_M_A_As.cif,-1.53
Sn_IV_IV_M_A_B.cif,0.00
Sn_IV_IV_M_A_Br.cif,-0.43
Sn_IV_IV_M_A_Cd.cif,-0.02
Sn_IV_IV_M_A_Cr.cif,-1.82
Sn_IV_IV_M_A_Cu.cif,-0.75
Sn_IV_IV_M_A_Fe.cif,-0.83
Sn_IV_IV_M_A_Ga.cif,-0.65
Sn_IV_IV_M_A_Ge.cif,-0.92
Sn_IV_IV_M_A_In.cif,-0.06
Sn_IV_IV_M_A_Mn.cif,-0.51
Sn_IV_IV_M_A_N.cif,-2.29
Sn_IV_IV_M_A_Ni.cif,-1.08
Sn_IV_IV_M_A_Sb.cif,-0.76
Sn_IV_IV_M_A_Se.cif,-0.14
Sn_IV_IV_M_A_Si.cif,-0.56
Sn_IV_IV_M_A_Ti.cif,-0.21
Sn_IV_IV_M_A_V.cif,-1.08
Sn_IV_IV_M_A_Zn.cif,-0.11
Sn_IV_IV_M_i_A_Cd.cif,-0.02
Sn_IV_IV_M_i_A_Cr.cif,-1.84
Sn_IV_IV_M_i_A_Cu.cif,-0.70
Sn_IV_IV_M_i_A_Fe.cif,-0.48
Sn_IV_IV_M_i_A_Ga.cif,-0.21
Sn_IV_IV_M_i_A_Mn.cif,-0.43
Sn_IV_IV_M_i_A_N.cif,-1.84
Sn_IV_IV_M_i_A_Ni.cif,-1.19
Sn_IV_IV_M_i_A_Ti.cif,-0.48
Sn_IV_IV_M_i_A_V.cif,-1.14
Sn_IV_IV_M_i_A_Zn.cif,-0.19
Sn_IV_IV_M_i_neut_Cr.cif,-1.53
Sn_IV_IV_M_i_neut_Cu.cif,-0.76
Sn_IV_IV_M_i_neut_Fe.cif,-0.42
Sn_IV_IV_M_i_neut_Mn.cif,-0.44
Sn_IV_IV_M_i_neut_N.cif,-1.19
Sn_IV_IV_M_i_neut_Ni.cif,-1.35
Sn_IV_IV_M_i_neut_Ti.cif,-0.04
Sn_IV_IV_M_i_neut_V.cif,-1.09
SnC_IV_IV_M_A_Cr.cif,-3.02
SnC_IV_IV_M_A_Fe.cif,0.00
SnC_IV_IV_M_A_N.cif,-0.12
SnC_IV_IV_M_A_Ni.cif,0.00
SnC_IV_IV_M_A_V.cif,-1.13
ZnO_II_VI_M_A_Al.cif,-0.12
ZnO_II_VI_M_A_Be.cif,0.00
ZnO_II_VI_M_A_Ca.cif,0.00
ZnO_II_VI_M_A_Cd.cif,-0.36
ZnO_II_VI_M_A_Co.cif,0.00
ZnO_II_VI_M_A_Cr.cif,-4.09
ZnO_II_VI_M_A_Cu.cif,0.00
ZnO_II_VI_M_A_Fe.cif,-2.11
ZnO_II_VI_M_A_Ga.cif,0.00
ZnO_II_VI_M_A_K.cif,0.00
ZnO_II_VI_M_A_Li.cif,0.00
ZnO_II_VI_M_A_Mg.cif,0.00
ZnO_II_VI_M_A_Mn.cif,-2.07
ZnO_II_VI_M_A_Ni.cif,0.00
ZnO_II_VI_M_A_Pb.cif,-0.01
ZnO_II_VI_M_A_Ti.cif,-1.36
ZnO_II_VI_M_A_V.cif,-2.77
ZnO_II_VI_M_B_As.cif,0.00
ZnO_II_VI_M_B_B.cif,-0.01
ZnO_II_VI_M_B_Be.cif,0.00
ZnO_II_VI_M_B_Br.cif,-0.76
ZnO_II_VI_M_B_C.cif,0.00
ZnO_II_VI_M_B_Cl.cif,-0.02
ZnO_II_VI_M_B_Cr.cif,-1.42
ZnO_II_VI_M_B_Fe.cif,0.00
ZnO_II_VI_M_B_Ge.cif,0.00
ZnO_II_VI_M_B_I.cif,-0.51
ZnO_II_VI_M_B_N.cif,-0.94
ZnO_II_VI_M_B_Ni.cif,0.00
ZnO_II_VI_M_B_P.cif,-0.01
ZnO_II_VI_M_B_S.cif,0.00
ZnO_II_VI_M_B_Sb.cif,0.00
ZnO_II_VI_M_B_Se.cif,-0.14
ZnO_II_VI_M_B_Si.cif,-0.01
ZnO_II_VI_M_B_Sn.cif,0.00
ZnO_II_VI_M_B_Te.cif,0.00
ZnO_II_VI_M_i_A_Cr.cif,-0.81
ZnO_II_VI_M_i_A_V.cif,-0.24
ZnO_II_VI_M_i_B_Cr.cif,-0.90
ZnO_II_VI_M_i_B_Mn.cif,-0.42
ZnO_II_VI_M_i_B_V.cif,-0.64
ZnO_II_VI_M_i_neut_Cr.cif,-0.41
ZnO_II_VI_M_i_neut_Cu.cif,0.00
ZnO_II_VI_M_i_neut_Fe.cif,-0.01
ZnO_II_VI_M_i_neut_N.cif,0.00
ZnO_II_VI_M_i_neut_Ni.cif,-0.01
ZnO_V_O.cif,-0.13
ZnO_V_Zn.cif,-0.01
ZnS_II_VI_M_A_Al.cif,-0.01
ZnS_II_VI_M_A_Be.cif,-0.01
ZnS_II_VI_M_A_Bi.cif,0.00
ZnS_II_VI_M_A_Cd.cif,0.00
ZnS_II_VI_M_A_Co.cif,-0.01
ZnS_II_VI_M_A_Cr.cif,-1.89
ZnS_II_VI_M_A_Cu.cif,0.00
ZnS_II_VI_M_A_Fe.cif,-0.38
ZnS_II_VI_M_A_Ga.cif,0.00
ZnS_II_VI_M_A_Hg.cif,0.00
ZnS_II_VI_M_A_In.cif,0.00
ZnS_II_VI_M_A_Mn.cif,-0.77
ZnS_II_VI_M_A_N.cif,-0.01
ZnS_II_VI_M_A_Ni.cif,0.00
ZnS_II_VI_M_A_Pb.cif,0.00
ZnS_II_VI_M_A_Sc.cif,-0.31
ZnS_II_VI_M_A_Ti.cif,-1.06
ZnS_II_VI_M_A_Tl.cif,0.00
ZnS_II_VI_M_A_V.cif,-1.84
ZnS_II_VI_M_B_As.cif,0.00
ZnS_II_VI_M_B_B.cif,-0.01
ZnS_II_VI_M_B_Bi.cif,-0.01
ZnS_II_VI_M_B_Br.cif,-1.27
ZnS_II_VI_M_B_C.cif,0.00
ZnS_II_VI_M_B_Cl.cif,-0.25
ZnS_II_VI_M_B_Cr.cif,-0.18
ZnS_II_VI_M_B_F.cif,-0.01
ZnS_II_VI_M_B_Ga.cif,-0.01
ZnS_II_VI_M_B_Ge.cif,0.00
ZnS_II_VI_M_B_Hg.cif,0.00
ZnS_II_VI_M_B_I.cif,-0.25
ZnS_II_VI_M_B_In.cif,-0.01
ZnS_II_VI_M_B_N.cif,-4.46
ZnS_II_VI_M_B_O.cif,-0.01
ZnS_II_VI_M_B_P.cif,-0.01
ZnS_II_VI_M_B_Pb.cif,-0.01
ZnS_II_VI_M_B_Sb.cif,-0.01
ZnS_II_VI_M_B_Se.cif,-0.10
ZnS_II_VI_M_B_Si.cif,0.00
ZnS_II_VI_M_B_Sn.cif,-0.01
ZnS_II_VI_M_B_Te.cif,-0.01
ZnS_II_VI_M_i_A_Cr.cif,-1.84
ZnS_II_VI_M_i_A_Cu.cif,-0.10
ZnS_II_VI_M_i_A_Fe.cif,-0.51
ZnS_II_VI_M_i_A_Li.cif,-0.19
ZnS_II_VI_M_i_A_Mn.cif,-1.05
ZnS_II_VI_M_i_A_N.cif,0.00
ZnS_II_VI_M_i_A_Ni.cif,-0.22
ZnS_II_VI_M_i_A_Ti.cif,-0.40
ZnS_II_VI_M_i_A_V.cif,-1.48
ZnS_II_VI_M_i_B_Cr.cif,-2.56
ZnS_II_VI_M_i_B_Cu.cif,-0.48
ZnS_II_VI_M_i_B_Fe.cif,-1.08
ZnS_II_VI_M_i_B_Mg.cif,-0.03
ZnS_II_VI_M_i_B_Mn.cif,-1.89
ZnS_II_VI_M_i_B_Ni.cif,-0.57
ZnS_II_VI_M_i_B_Sc.cif,-0.10
ZnS_II_VI_M_i_B_Ti.cif,-1.09
ZnS_II_VI_M_i_B_V.cif,-2.09
ZnS_II_VI_M_i_B_Zn.cif,-0.42
ZnS_II_VI_M_i_neut_Cr.cif,-1.65
ZnS_II_VI_M_i_neut_Fe.cif,-0.12
ZnS_II_VI_M_i_neut_Mn.cif,-0.73
ZnS_II_VI_M_i_neut_Ti.cif,-0.26
ZnS_II_VI_M_i_neut_V.cif,-1.18
ZnS_V_S.cif,0.00
ZnS_V_Zn.cif,0.00
ZnSe_II_VI_M_A_Cd.cif,-0.01
ZnSe_II_VI_M_A_Co.cif,0.00
ZnSe_II_VI_M_A_Cr.cif,-1.75
ZnSe_II_VI_M_A_Cu.cif,0.00
ZnSe_II_VI_M_A_Fe.cif,-0.46
ZnSe_II_VI_M_A_Mn.cif,-0.80
ZnSe_II_VI_M_A_N.cif,0.00
ZnSe_II_VI_M_A_Ni.cif,0.00
ZnSe_II_VI_M_A_Sc.cif,-0.23
ZnSe_II_VI_M_A_Ti.cif,-0.82
ZnSe_II_VI_M_A_V.cif,-1.47
ZnSe_II_VI_M_B_As.cif,0.00
ZnSe_II_VI_M_B_B.cif,0.00
ZnSe_II_VI_M_B_Br.cif,-0.82
ZnSe_II_VI_M_B_C.cif,-0.01
ZnSe_II_VI_M_B_Cr.cif,-0.12
ZnSe_II_VI_M_B_F.cif,-0.01
ZnSe_II_VI_M_B_Ge.cif,0.00
ZnSe_II_VI_M_B_N.cif,-1.99
ZnSe_II_VI_M_B_Ni.cif,-0.25
ZnSe_II_VI_M_B_O.cif,-0.01
ZnSe_II_VI_M_B_P.cif,-0.01
ZnSe_II_VI_M_B_S.cif,0.00
ZnSe_II_VI_M_B_Sb.cif,0.00
ZnSe_II_VI_M_B_Si.cif,0.00
ZnSe_II_VI_M_B_Sn.cif,0.00
ZnSe_II_VI_M_B_Te.cif,0.00
ZnSe_II_VI_M_i_A_Cr.cif,-1.97
ZnSe_II_VI_M_i_A_Cu.cif,-0.10
ZnSe_II_VI_M_i_A_Fe.cif,-0.46
ZnSe_II_VI_M_i_A_Mn.cif,-1.24
ZnSe_II_VI_M_i_A_Ni.cif,-0.26
ZnSe_II_VI_M_i_A_Sc.cif,-0.01
ZnSe_II_VI_M_i_A_Ti.cif,-0.76
ZnSe_II_VI_M_i_A_V.cif,-1.72
ZnSe_II_VI_M_i_B_Cr.cif,-2.12
ZnSe_II_VI_M_i_B_Cu.cif,-0.30
ZnSe_II_VI_M_i_B_Fe.cif,-0.96
ZnSe_II_VI_M_i_B_Li.cif,-0.09
ZnSe_II_VI_M_i_B_Mg.cif,-0.07
ZnSe_II_VI_M_i_B_Mn.cif,-1.66
ZnSe_II_VI_M_i_B_Ni.cif,-0.38
ZnSe_II_VI_M_i_B_Sc.cif,-0.22
ZnSe_II_VI_M_i_B_Ti.cif,-1.05
ZnSe_II_VI_M_i_B_V.cif,-1.78
ZnSe_II_VI_M_i_B_Zn.cif,-0.36
ZnSe_II_VI_M_i_neut_Cr.cif,-1.45
ZnSe_II_VI_M_i_neut_Cu.cif,-0.04
ZnSe_II_VI_M_i_neut_Fe.cif,-0.18
ZnSe_II_VI_M_i_neut_Mn.cif,-0.72
ZnSe_II_VI_M_i_neut_Ni.cif,-0.04
ZnSe_II_VI_M_i_neut_Ti.cif,-0.21
ZnSe_II_VI_M_i_neut_V.cif,-0.97
ZnSe_V_Se.cif,-0.01
ZnSe_V_Zn.cif,0.00
ZnTe_II_VI_M_A_Al.cif,0.00
ZnTe_II_VI_M_A_Be.cif,-0.01
ZnTe_II_VI_M_A_Cd.cif,0.00
ZnTe_II_VI_M_A_Co.cif,0.00
ZnTe_II_VI_M_A_Cr.cif,-2.12
ZnTe_II_VI_M_A_Cu.cif,-0.29
ZnTe_II_VI_M_A_Fe.cif,-0.54
ZnTe_II_VI_M_A_Ga.cif,0.00
ZnTe_II_VI_M_A_In.cif,0.00
ZnTe_II_VI_M_A_Mn.cif,-1.01
ZnTe_II_VI_M_A_N.cif,-0.34
ZnTe_II_VI_M_A_Ni.cif,0.00
ZnTe_II_VI_M_A_Sc.cif,-0.40
ZnTe_II_VI_M_A_Ti.cif,-1.11
ZnTe_II_VI_M_A_Tl.cif,0.00
ZnTe_II_VI_M_A_V.cif,-2.31
ZnTe_II_VI_M_B_As.cif,-0.02
ZnTe_II_VI_M_B_B.cif,-0.01
ZnTe_II_VI_M_B_Bi.cif,-0.10
ZnTe_II_VI_M_B_Br.cif,-0.73
ZnTe_II_VI_M_B_C.cif,0.00
ZnTe_II_VI_M_B_Cr.cif,-1.50
ZnTe_II_VI_M_B_Cu.cif,-0.01
ZnTe_II_VI_M_B_F.cif,-0.01
ZnTe_II_VI_M_B_Fe.cif,-0.01
ZnTe_II_VI_M_B_Ga.cif,-0.01
ZnTe_II_VI_M_B_Ge.cif,-0.01
ZnTe_II_VI_M_B_I.cif,-0.50
ZnTe_II_VI_M_B_In.cif,-0.01
ZnTe_II_VI_M_B_N.cif,-3.64
ZnTe_II_VI_M_B_Ni.cif,-0.27
ZnTe_II_VI_M_B_O.cif,-0.01
ZnTe_II_VI_M_B_P.cif,-0.01
ZnTe_II_VI_M_B_Pb.cif,-0.01
ZnTe_II_VI_M_B_S.cif,0.00
ZnTe_II_VI_M_B_Sb.cif,-0.75
ZnTe_II_VI_M_B_Se.cif,-1.51
ZnTe_II_VI_M_B_Si.cif,-0.01
ZnTe_II_VI_M_B_Sn.cif,-0.01
ZnTe_II_VI_M_B_Tl.cif,0.00
ZnTe_II_VI_M_B_V.cif,-0.66
ZnTe_II_VI_M_i_A_Cr.cif,-2.13
ZnTe_II_VI_M_i_A_Cu.cif,0.00
ZnTe_II_VI_M_i_A_F.cif,-0.01
ZnTe_II_VI_M_i_A_Fe.cif,-0.27
ZnTe_II_VI_M_i_A_Mn.cif,-1.28
ZnTe_II_VI_M_i_A_N.cif,-1.10
ZnTe_II_VI_M_i_A_Ni.cif,-0.40
ZnTe_II_VI_M_i_A_Sc.cif,-0.15
ZnTe_II_VI_M_i_A_Ti.cif,-1.07
ZnTe_II_VI_M_i_A_V.cif,-1.91
ZnTe_II_VI_M_i_B_Cr.cif,-2.17
ZnTe_II_VI_M_i_B_Cu.cif,-0.19
ZnTe_II_VI_M_i_B_Fe.cif,-0.61
ZnTe_II_VI_M_i_B_Mn.cif,-1.33
ZnTe_II_VI_M_i_B_N.cif,-0.01
ZnTe_II_VI_M_i_B_Ni.cif,-0.45
ZnTe_II_VI_M_i_B_Sc.cif,-0.17
ZnTe_II_VI_M_i_B_Ti.cif,-1.04
ZnTe_II_VI_M_i_B_V.cif,-1.89
ZnTe_II_VI_M_i_neut_Cr.cif,-1.52
ZnTe_II_VI_M_i_neut_Cu.cif,-0.09
ZnTe_II_VI_M_i_neut_Fe.cif,-0.19
ZnTe_II_VI_M_i_neut_Mn.cif,-0.64
ZnTe_II_VI_M_i_neut_N.cif,-0.49
ZnTe_II_VI_M_i_neut_Ni.cif,-0.68
ZnTe_II_VI_M_i_neut_Ti.cif,-0.32
ZnTe_II_VI_M_i_neut_V.cif,-1.11
ZnTe_V_Te.cif,0.00
ZnTe_V_Zn.cif,-0.01